1.76726e+09,-nan,-nan
1.76726e+09,0.0716845,0.00394467
1.76726e+09,0.293105,0.0141209
1.76726e+09,0.244919,0.0223911
1.76726e+09,1.54456,0.592306
1.76726e+09,0.0621118,0.00277913
1.76726e+09,1.06356,1.02372
1.76726e+09,0.307872,0.00644151
1.76726e+09,1,0.0329157
1.76726e+09,0.259678,0.0137658
1.76726e+09,0.471096,0.010947
1.76726e+09,0.190818,0.00980463
1.76726e+09,0.239196,0.0098833
1.76726e+09,0.0543538,0.000287429
1.76726e+09,1.57768,0.0415877
1.76726e+09,0.376478,0.024479
1.76726e+09,0.324727,0.0208188
1.76726e+09,0.835664,0.486395
1.76726e+09,1.85642,0.00471582
1.76726e+09,0.432731,0.0115579
1.76726e+09,0.196894,0.0121613
1.76726e+09,0.483642,0.0230982
1.76726e+09,0.115901,0.00513628
1.76726e+09,-nan,-nan
1.76726e+09,0.0137997,0.00158895
1.76726e+09,0.0141409,0.000890946
1.76726e+09,0.096267,0.00311566
1.76726e+09,0.0935686,0.00325243
1.76726e+09,0.0647641,0.000251186
1.76726e+09,0.126758,0.00602272
1.76726e+09,0.0980131,0.00331918
1.76726e+09,0.102194,0.00413188
1.76726e+09,1,0.00122947
1.76726e+09,0.0220151,0.00205752
1.76726e+09,1,0.00119026
1.76726e+09,0.0493261,0.00493498
1.76726e+09,0.0643894,0.00110543
1.76726e+09,0.0163497,0.00191034
1.76726e+09,0.0911626,0.00204707
1.76726e+09,0.165536,0.0014782
1.76726e+09,1,0.00862786
1.76726e+09,0.0389027,0.00210396
1.76726e+09,0.0892998,0.00530099
1.76726e+09,0.0834299,0.00747409
1.76726e+09,0.193979,0.00254843
1.76726e+09,1,0.00293968
1.76726e+09,0.0516419,0.00375387
1.76726e+09,0.0404711,0.00323019
1.76726e+09,0.0251036,0.00171399
1.76726e+09,0.129685,0.00612609
1.76726e+09,0.0151428,0.00322976
1.76726e+09,0.0102422,0.00112826
1.76726e+09,0.0605617,0.00262788
1.76726e+09,0.0497141,0.00186567
1.76726e+09,0.0946285,0.00527827
1.76726e+09,0.119665,0.00656192
1.76726e+09,0.0333038,0.00198039
1.76726e+09,0.0630468,0.00276353
1.76726e+09,0.0231434,0.000368569
1.76726e+09,0.131293,0.00231434
1.76726e+09,0.0597672,0.00319625
1.76726e+09,0.115134,0.00906995
1.76726e+09,0.0252792,0.0052095
1.76726e+09,0.0441096,0.00621566
1.76726e+09,0.0520133,0.00242019
1.76726e+09,0.170057,0.0117214
1.76726e+09,0.160265,0.0255531
1.76726e+09,0.141277,0.0152615
1.76726e+09,0.0572905,0.009537
1.76726e+09,0.105998,0.0170643
1.76726e+09,0.0636649,0.0198918
1.76726e+09,0.0993058,0.00118609
1.76726e+09,0.139681,0.0059397
1.76726e+09,0.111044,0.0105709
1.76726e+09,0.0634947,0.0107485
1.76726e+09,0.0746215,0.0166437
1.76726e+09,1,0.0713287
1.76726e+09,0.127693,0.0665911
1.76726e+09,0.0514098,0.0262254
1.76726e+09,0.0301305,0.0131041
1.76726e+09,0.164531,0.00699213
1.76726e+09,0.0492804,0.0141248
1.76726e+09,0.0891773,0.0328967
1.76726e+09,0.0622949,0.0190386
1.76726e+09,0.0455267,0.00623538
1.76726e+09,0.0894461,0.00774974
1.76726e+09,0.037763,0.00345599
1.76726e+09,0.114362,0.0107047
1.76726e+09,0.0391923,0.0244614
1.76726e+09,0.269196,0.0193146
1.76726e+09,0.0242788,0.0173831
1.76726e+09,0.105467,0.0205314
1.76726e+09,0.102003,0.0220563
1.76726e+09,0.197488,0.0322716
1.76726e+09,1,0.0603136
1.76726e+09,0.139332,0.0442802
1.76726e+09,1,0.00940119
1.76726e+09,0.254899,0.0170369
1.76726e+09,0.177841,0.0102324
1.76726e+09,0.124548,0.00541736
1.76726e+09,0.102825,0.0058021
1.76726e+09,0.154944,0.00703733
1.76726e+09,0.220542,0.0313089
1.76726e+09,0.110998,0.0284898
1.76726e+09,0.0728411,0.00518653
1.76726e+09,0.0847882,0.00504527
1.76726e+09,0.131327,0.0226274
1.76726e+09,0.116419,0.0238229
1.76726e+09,0.104704,0.00645174
1.76726e+09,0.154773,0.00787858
1.76726e+09,0.0754712,0.00768123
1.76726e+09,0.0223114,0.00859019
1.76726e+09,0.0573313,0.00234565
1.76726e+09,1,0.00506743
1.76726e+09,0.0950389,0.0054848
1.76726e+09,0.0595252,0.00504159
1.76726e+09,0.0610203,0.00226707
1.76726e+09,0.179125,0.00631319
1.76726e+09,0.105423,0.0144243
1.76726e+09,0.141545,0.0068922
1.76726e+09,0.156858,0.0154364
1.76726e+09,0.140265,0.0117185
1.76726e+09,0.252802,0.00771376
1.76726e+09,0.254986,0.0099842
1.76726e+09,0.146816,0.00740754
1.76726e+09,0.0575678,0.0017114
1.76726e+09,0.00792919,0.035241
1.76726e+09,0.0505088,0.0469169
1.76726e+09,0.12034,0.03848
1.76726e+09,0.0848073,0.0305295
1.76726e+09,0.061509,0.00311026
1.76726e+09,0.119818,0.00858587
1.76726e+09,0.113987,0.00358323
1.76726e+09,0.209428,0.00563471
1.76726e+09,0.314575,0.012557
1.76726e+09,0.154929,0.00718174
1.76726e+09,0.0487577,0.0306081
1.76726e+09,0.0764124,0.0269103
1.76726e+09,0.0364335,0.0147194
1.76726e+09,0.015456,0.00475862
1.76726e+09,0.0917488,0.00468073
1.76726e+09,0.0989403,0.0213955
1.76726e+09,0.253764,0.0192236
1.76726e+09,0.0594386,0.00345031
1.76726e+09,0.147285,0.00830784
1.76726e+09,0.220829,0.00915756
1.76726e+09,0.282123,0.00939097
1.76726e+09,0.0647271,0.00668454
1.76726e+09,0.137897,0.0070422
1.76726e+09,0.365344,0.00785336
1.76726e+09,0.103245,0.00366315
1.76726e+09,0.0261212,0.00236734
1.76732e+09,-nan,-nan
1.76732e+09,0.0496615,0.00420568
1.76732e+09,0.147329,0.00215748
1.76732e+09,1,0.000551813
1.76732e+09,0.00354852,0.000352871
1.76732e+09,0.736904,0.00304866
1.76732e+09,0.296903,0.00386057
1.76732e+09,0.298027,0.00111089
1.76732e+09,0.621141,0.000921649
1.76732e+09,0.0923367,0.00292561
1.76732e+09,0.0803029,0.000897712
1.76732e+09,0.159692,0.00130854
1.76732e+09,0.143262,0.00387458
1.76732e+09,0.113697,0.00113524
1.76732e+09,0.0283103,0.00148552
1.76732e+09,0.0580346,0.000741306
1.76732e+09,0.3722,0.00236901
1.76732e+09,0.254769,0.00174206
1.76732e+09,0.251888,0.00113202
1.76732e+09,1,0.00608585
1.76732e+09,0.199862,0.00348135
1.76732e+09,0.448683,0.00274924
1.76732e+09,0.275398,0.00130909
1.76732e+09,1,0.00178741
1.76732e+09,0.10376,0.00196597
1.76732e+09,0.089202,0.000766606
1.76732e+09,0.479207,0.00270296
1.76732e+09,0.497228,0.00100785
1.76732e+09,0.20995,0.00207796
1.76732e+09,0.402923,0.00800622
1.76732e+09,0.82171,0.00201366
1.76732e+09,0.0842863,0.000838469
1.76732e+09,1,0.00301636
1.76732e+09,0.28298,0.00295026
1.76732e+09,0.249797,0.0026895
1.76732e+09,0.193588,0.00060911
1.76732e+09,0.964878,0.000341055
1.76732e+09,0.0460148,0.00139436
1.76732e+09,0.720759,0.000985048
1.76732e+09,0.262103,0.00333849
1.76732e+09,0.811196,0.00369066
1.76732e+09,0.150139,0.00249322
1.76732e+09,1,0.00429747
1.76732e+09,0.02818,0.000312574
1.76732e+09,0.153954,0.00383448
1.76732e+09,0.0955898,0.000511357
1.76732e+09,0.641808,0.00364273
1.76732e+09,1,0.000468389
1.76732e+09,0.0989921,0.0021869
1.76732e+09,1,0.000569604
1.76732e+09,0.0615079,0.00169237
1.76732e+09,0.190352,0.000580458
1.76732e+09,0.0568355,0.000662217
1.76732e+09,1.03847,0.00236803
1.76732e+09,0.0802771,0.00168659
1.76732e+09,1,0.00700749
1.76732e+09,0.921098,0.00246147
1.76732e+09,0.214241,0.00529269
1.76732e+09,0.109563,0.000794657
1.76732e+09,1,0.00191491
1.76732e+09,0.0208623,0.00165613
1.76732e+09,0.850391,0.00313393
1.76732e+09,0.685455,0.00450355
1.76732e+09,0.0409241,0.0025724
1.76732e+09,0.155114,0.00171414
1.76732e+09,0.750465,0.00201664
1.76732e+09,0.563416,0.00397728
1.76732e+09,0.417434,0.00269993
1.76732e+09,0.330705,0.00289839
1.76732e+09,0.117883,0.00238553
1.76732e+09,0.160399,0.00162598
1.76732e+09,0.305385,0.00414031
1.76732e+09,0.106729,0.00479651
1.76732e+09,0.176386,0.00319123
1.76732e+09,0.203797,0.00296388
1.76732e+09,1,0.00105477
1.76732e+09,0.0544385,0.0013718
1.76732e+09,0.0812865,0.00154084
1.76732e+09,0.231918,0.000686665
1.76732e+09,0.644773,0.00192641
1.76732e+09,0.429956,0.00161999
1.76732e+09,0.184398,0.00093297
1.76732e+09,0.019865,0.000326043
1.76732e+09,0.115954,0.000810714
1.76732e+09,0.709554,0.00255322
1.76732e+09,0.735096,0.00378111
1.76732e+09,0.621585,0.00336968
1.76732e+09,0.096584,0.00171907
1.76732e+09,0.288806,0.000698807
1.76732e+09,0.194591,0.00269916
1.76732e+09,0.103232,0.00197639
1.76732e+09,0.0421653,0.0010676
1.76732e+09,0.122272,0.00104151
1.76732e+09,0.210443,0.00140165
1.76732e+09,0.363847,0.000563076
1.76732e+09,0.109918,0.000612099
1.76732e+09,0.187879,0.00121252
1.76732e+09,1.03276,0.00199169
1.76732e+09,0.0919004,0.00120131
1.76732e+09,1,0.00184994
1.76732e+09,0.574054,0.00446058
1.76732e+09,0.575901,0.00204608
1.76732e+09,1,0.00141268
1.76732e+09,0.116247,0.00159045
1.76732e+09,0.593267,0.00529641
1.76732e+09,0.278886,0.00466721
1.76732e+09,0.191478,0.00500902
1.76732e+09,0.310954,0.00318061
1.76732e+09,0.294597,0.00450838
1.76732e+09,0.411961,0.00554776
1.76732e+09,0.0472637,0.00173366
1.76732e+09,0.0435535,0.000689877
1.76732e+09,0.507232,0.00183865
1.76732e+09,0.234331,0.0127027
1.76732e+09,0.180953,0.0127258
1.76732e+09,0.115758,0.00063958
1.76732e+09,0.35352,0.0124143
1.76732e+09,0.722239,0.00686791
1.76732e+09,0.245695,0.00943139
1.76732e+09,0.444939,0.0100968
1.76732e+09,0.0308047,0.00107219
1.76732e+09,0.312888,0.00184006
1.76732e+09,0.730401,0.00238977
1.76732e+09,0.431435,0.00389199
1.76732e+09,0.0551363,0.0136718
1.76732e+09,0.21744,0.0113198
1.76732e+09,0.140778,0.0162815
1.76732e+09,0.0990622,0.015742
1.76732e+09,0.814107,0.00342788
1.76732e+09,0.154469,0.00115797
1.76732e+09,0.0355832,0.00207791
1.76732e+09,0.252243,0.00281251
1.76732e+09,0.0866917,0.00197414
1.76732e+09,0.0518354,0.0172642
1.76732e+09,1,0.0176383
1.76732e+09,0.159309,0.00281737
1.76732e+09,0.131212,0.00364796
1.76732e+09,0.591018,0.00174111
1.76732e+09,0.36548,0.00370052
1.76732e+09,0.268123,0.00156236
1.76732e+09,0.369801,0.00113132
1.76732e+09,0.0740887,0.00116765
1.76732e+09,0.203643,0.00142831
1.76732e+09,0.452312,0.0032879
1.76732e+09,0.38897,0.00257529
1.76732e+09,0.0454781,0.00176311
1.76732e+09,0.0724478,0.00119624
1.76732e+09,0.133657,0.00353154
1.76732e+09,0.172749,0.00390902
1.76732e+09,0.193655,0.00684196
1.76732e+09,0.142641,0.00262268
1.76732e+09,0.11913,0.00453339
1.76732e+09,0.0429555,0.00204544
1.76732e+09,0.054184,0.00141517
1.76732e+09,0.0836366,0.00302136
1.76732e+09,0.182101,0.00221992
1.76732e+09,0.0504795,0.00242284
1.76732e+09,0.141766,0.00258464
1.76732e+09,0.0756115,0.0020103
1.76732e+09,0.227785,0.00666476
1.76732e+09,0.103855,0.0014844
1.76732e+09,0.0289184,0.00693721
1.76732e+09,0.127427,0.00421667
1.76732e+09,0.160746,0.0106767
1.76732e+09,0.107963,0.00420303
1.76732e+09,0.0838367,0.00480491
1.76732e+09,0.557431,0.0137748
1.76732e+09,0.0243163,0.014612
1.76732e+09,0.123294,0.00744237
1.76732e+09,0.487215,0.0184091
1.76732e+09,0.489427,0.0364501
1.76732e+09,0.148583,0.0163976
1.76732e+09,0.0866464,0.00166497
1.76732e+09,0.182489,0.00782859
1.76732e+09,0.244124,0.00435047
1.76732e+09,0.204775,0.00494166
1.76732e+09,1.09339,0.00418114
1.76732e+09,0.167077,0.0030728
1.76732e+09,0.321074,0.00672885
1.76732e+09,0.101917,0.00658849
1.76732e+09,0.237887,0.0042465
1.76732e+09,0.377788,0.00606764
1.76732e+09,0.418575,0.0103391
1.76732e+09,1,0.008892
1.76732e+09,0.0574872,0.00406962
1.76732e+09,1.06542,0.00904548
1.76732e+09,0.0933739,0.00148369
1.76732e+09,0.0932535,0.00575645
1.76732e+09,0.934191,0.011952
1.76732e+09,0.434874,0.00597417
1.76732e+09,0.842044,0.0072593
1.76732e+09,0.245532,0.00445732
1.76732e+09,0.0559099,0.00342121
1.76732e+09,0.348084,0.00965837
1.76732e+09,0.121492,0.00228928
1.76732e+09,0.776647,0.0127279
1.76732e+09,0.295093,0.00906156
1.76732e+09,0.0985953,0.00764468
1.76732e+09,0.502515,0.00724689
1.76732e+09,0.189255,0.00217182
1.76732e+09,0.649574,0.00854864
1.76732e+09,0.190941,0.026957
1.76732e+09,0.132734,0.0354221
1.76732e+09,0.171202,0.0182708
1.76732e+09,0.284699,0.0059656
1.76732e+09,0.0633259,0.00787141
1.76732e+09,0.184091,0.00482602
1.76732e+09,0.187075,0.00278654
1.76732e+09,0.260908,0.0057021
1.76732e+09,0.06784,0.00103753
1.76732e+09,0.0394249,0.00174142
1.76732e+09,0.288288,0.00360823
1.76732e+09,0.0953001,0.00390412
1.76732e+09,0.108642,0.00189625
1.76732e+09,0.201648,0.0044971
1.76732e+09,0.188272,0.00655654
1.76732e+09,0.125741,0.00231697
1.76732e+09,0.82938,0.00573014
1.76732e+09,0.177232,0.0100328
1.76732e+09,0.599914,0.0081497
1.76732e+09,0.105985,0.00966684
1.76732e+09,0.241533,0.00518637
1.76732e+09,0.135488,0.00103067
1.76732e+09,0.499653,0.0219748
1.76732e+09,0.199807,0.0145139
1.76732e+09,0.102007,0.0119299
1.76732e+09,0.608301,0.0210283
1.76732e+09,-nan,-nan
1.76732e+09,-nan,-nan
1.76732e+09,-nan,-nan
1.76732e+09,-nan,-nan
1.76732e+09,-nan,-nan
1.76732e+09,-nan,-nan
1.76732e+09,-nan,-nan
1.76732e+09,-nan,-nan
1.76732e+09,-nan,-nan
1.76732e+09,-nan,-nan
1.76732e+09,-nan,-nan
1.76732e+09,-nan,-nan
1.76732e+09,-nan,-nan
1.76732e+09,-nan,-nan
1.76732e+09,-nan,-nan
1.76732e+09,-nan,-nan
1.76732e+09,-nan,-nan
1.76732e+09,-nan,-nan
1.76732e+09,-nan,-nan
1.76732e+09,-nan,-nan
1.76732e+09,-nan,-nan
1.76732e+09,-nan,-nan
1.76732e+09,-nan,-nan
1.76732e+09,-nan,-nan
1.76732e+09,-nan,-nan
1.76732e+09,-nan,-nan
1.76732e+09,-nan,-nan
1.76732e+09,-nan,-nan
1.76732e+09,-nan,-nan
1.76732e+09,-nan,-nan
1.76732e+09,-nan,-nan
1.76732e+09,-nan,-nan
1.76732e+09,-nan,-nan
1.76732e+09,-nan,-nan
1.76732e+09,-nan,-nan
1.76732e+09,-nan,-nan
1.76732e+09,-nan,-nan
1.76732e+09,-nan,-nan
1.76732e+09,-nan,-nan
1.76732e+09,-nan,-nan
1.76732e+09,-nan,-nan
1.76732e+09,-nan,-nan
1.76732e+09,-nan,-nan
1.76732e+09,-nan,-nan
1.76732e+09,-nan,-nan
1.76732e+09,-nan,-nan
1.76732e+09,-nan,-nan
1.76732e+09,-nan,-nan
1.76732e+09,-nan,-nan
1.76732e+09,-nan,-nan
1.76732e+09,-nan,-nan
1.76732e+09,-nan,-nan
1.76732e+09,-nan,-nan
1.76732e+09,-nan,-nan
1.76732e+09,-nan,-nan
1.76732e+09,-nan,-nan
1.76732e+09,-nan,-nan
1.76732e+09,-nan,-nan
1.76732e+09,-nan,-nan
1.76732e+09,-nan,-nan
1.76732e+09,-nan,-nan
1.76732e+09,-nan,-nan
1.76732e+09,-nan,-nan
1.76732e+09,-nan,-nan
1.76732e+09,-nan,-nan
1.76732e+09,-nan,-nan
1.76732e+09,-nan,-nan
1.76732e+09,-nan,-nan
1.76732e+09,-nan,-nan
1.76732e+09,-nan,-nan
1.76732e+09,-nan,-nan
1.76732e+09,-nan,-nan
1.76732e+09,-nan,-nan
1.76732e+09,-nan,-nan
1.76732e+09,-nan,-nan
1.76732e+09,-nan,-nan
1.76732e+09,-nan,-nan
1.76732e+09,-nan,-nan
1.76732e+09,-nan,-nan
1.76732e+09,-nan,-nan
1.76732e+09,-nan,-nan
1.76732e+09,-nan,-nan
1.76732e+09,-nan,-nan
1.76732e+09,-nan,-nan
1.76732e+09,-nan,-nan
1.76732e+09,-nan,-nan
1.76732e+09,-nan,-nan
1.76732e+09,-nan,-nan
1.76732e+09,-nan,-nan
1.76732e+09,-nan,-nan
1.76732e+09,-nan,-nan
1.76732e+09,-nan,-nan
1.76732e+09,-nan,-nan
1.76732e+09,-nan,-nan
1.76732e+09,-nan,-nan
1.76732e+09,-nan,-nan
1.76732e+09,-nan,-nan
1.76732e+09,-nan,-nan
1.76732e+09,-nan,-nan
1.76732e+09,-nan,-nan
1.76732e+09,-nan,-nan
1.76732e+09,-nan,-nan
1.76732e+09,-nan,-nan
1.76732e+09,-nan,-nan
1.76732e+09,-nan,-nan
1.76732e+09,-nan,-nan
1.76732e+09,-nan,-nan
1.76732e+09,-nan,-nan
1.76732e+09,-nan,-nan
1.76732e+09,-nan,-nan
1.76732e+09,-nan,-nan
1.76732e+09,-nan,-nan
1.76732e+09,-nan,-nan
1.76732e+09,-nan,-nan
1.76732e+09,-nan,-nan
1.76732e+09,-nan,-nan
1.76732e+09,-nan,-nan
1.76732e+09,-nan,-nan
1.76732e+09,-nan,-nan
1.76732e+09,-nan,-nan
1.76732e+09,-nan,-nan
1.76732e+09,-nan,-nan
1.76732e+09,-nan,-nan
1.76732e+09,-nan,-nan
1.76732e+09,-nan,-nan
1.76732e+09,-nan,-nan
1.76732e+09,-nan,-nan
1.76732e+09,-nan,-nan
1.76732e+09,-nan,-nan
1.76732e+09,-nan,-nan
1.76732e+09,-nan,-nan
1.76732e+09,-nan,-nan
1.76732e+09,-nan,-nan
1.76732e+09,-nan,-nan
1.76732e+09,-nan,-nan
1.76732e+09,-nan,-nan
1.76732e+09,-nan,-nan
1.76732e+09,-nan,-nan
1.76732e+09,-nan,-nan
1.76732e+09,-nan,-nan
1.76732e+09,-nan,-nan
1.76732e+09,-nan,-nan
1.76732e+09,-nan,-nan
1.76732e+09,-nan,-nan
1.76732e+09,-nan,-nan
1.76732e+09,-nan,-nan
1.76732e+09,-nan,-nan
1.76732e+09,-nan,-nan
1.76732e+09,-nan,-nan
1.76732e+09,-nan,-nan
1.76732e+09,-nan,-nan
1.76732e+09,-nan,-nan
1.76732e+09,-nan,-nan
1.76732e+09,-nan,-nan
1.76732e+09,-nan,-nan
1.76732e+09,-nan,-nan
1.76732e+09,-nan,-nan
1.76732e+09,-nan,-nan
1.76732e+09,-nan,-nan
1.76732e+09,-nan,-nan
1.76732e+09,-nan,-nan
1.76732e+09,-nan,-nan
1.76732e+09,-nan,-nan
1.76732e+09,-nan,-nan
1.76732e+09,-nan,-nan
1.76732e+09,-nan,-nan
1.76732e+09,-nan,-nan
1.76732e+09,-nan,-nan
1.76732e+09,-nan,-nan
1.76732e+09,-nan,-nan
1.76732e+09,-nan,-nan
1.76732e+09,-nan,-nan
1.76732e+09,-nan,-nan
1.76732e+09,-nan,-nan
1.76732e+09,-nan,-nan
1.76732e+09,-nan,-nan
1.76732e+09,-nan,-nan
1.76732e+09,-nan,-nan
1.76732e+09,-nan,-nan
1.76732e+09,-nan,-nan
1.76732e+09,-nan,-nan
1.76732e+09,-nan,-nan
1.76732e+09,-nan,-nan
1.76732e+09,-nan,-nan
1.76732e+09,-nan,-nan
1.76732e+09,-nan,-nan
1.76732e+09,-nan,-nan
1.76732e+09,-nan,-nan
1.76732e+09,-nan,-nan
1.76732e+09,-nan,-nan
1.76732e+09,-nan,-nan
1.76732e+09,-nan,-nan
1.76732e+09,-nan,-nan
1.76732e+09,-nan,-nan
1.76732e+09,-nan,-nan
1.76732e+09,-nan,-nan
1.76732e+09,-nan,-nan
1.76732e+09,-nan,-nan
1.76732e+09,-nan,-nan
1.76732e+09,-nan,-nan
1.76732e+09,-nan,-nan
1.76732e+09,-nan,-nan
1.76732e+09,-nan,-nan
1.76732e+09,-nan,-nan
1.76732e+09,-nan,-nan
1.76732e+09,-nan,-nan
1.76732e+09,-nan,-nan
1.76732e+09,-nan,-nan
1.76732e+09,-nan,-nan
1.76732e+09,-nan,-nan
1.76732e+09,-nan,-nan
1.76732e+09,-nan,-nan
1.76732e+09,-nan,-nan
1.76732e+09,-nan,-nan
1.76732e+09,-nan,-nan
1.76732e+09,-nan,-nan
1.76732e+09,-nan,-nan
1.76732e+09,-nan,-nan
1.76732e+09,-nan,-nan
1.76732e+09,-nan,-nan
1.76732e+09,-nan,-nan
1.76732e+09,-nan,-nan
1.76732e+09,-nan,-nan
1.76732e+09,-nan,-nan
1.76732e+09,-nan,-nan
1.76732e+09,-nan,-nan
1.76732e+09,-nan,-nan
1.76732e+09,-nan,-nan
1.76732e+09,-nan,-nan
1.76732e+09,-nan,-nan
1.76732e+09,-nan,-nan
1.76732e+09,-nan,-nan
1.76732e+09,-nan,-nan
1.76732e+09,-nan,-nan
1.76732e+09,-nan,-nan
1.76732e+09,-nan,-nan
1.76732e+09,-nan,-nan
1.76732e+09,-nan,-nan
1.76732e+09,-nan,-nan
1.76732e+09,-nan,-nan
1.76732e+09,-nan,-nan
1.76732e+09,-nan,-nan
1.76732e+09,-nan,-nan
1.76732e+09,-nan,-nan
1.76732e+09,-nan,-nan
1.76732e+09,0.0899015,0.00348366
1.76732e+09,1,0.00194581
1.76732e+09,0.420577,0.00205115
1.76732e+09,1,0.000739012
1.76732e+09,0.596839,0.00172707
1.76732e+09,0.0222972,0.000287138
1.76732e+09,0.229666,0.00279834
1.76732e+09,0.257537,0.0010731
1.76732e+09,0.014702,0.00131729
1.76732e+09,0.407595,0.00238166
1.76732e+09,0.331312,0.00130552
1.76732e+09,0.557069,0.00359713
1.76732e+09,0.0873805,0.000603756
1.76732e+09,0.14794,0.00159082
1.76732e+09,0.37359,0.00255782
1.76732e+09,0.242032,0.00195124
1.76732e+09,0.563802,0.00863618
1.76732e+09,0.603215,0.00279948
1.76732e+09,0.502665,0.000661121
1.76732e+09,1,0.00870248
1.76732e+09,0.450423,0.00379399
1.76732e+09,0.471774,0.00363227
1.76732e+09,0.0157431,0.00152229
1.76733e+09,-nan,-nan
1.76733e+09,-nan,-nan
1.76733e+09,-nan,-nan
1.76733e+09,-nan,-nan
1.76733e+09,-nan,-nan
1.76733e+09,-nan,-nan
1.76733e+09,-nan,-nan
1.76733e+09,-nan,-nan
1.76733e+09,-nan,-nan
1.76733e+09,-nan,-nan
1.76733e+09,-nan,-nan
1.76733e+09,-nan,-nan
1.76733e+09,-nan,-nan
1.76733e+09,-nan,-nan
1.76733e+09,-nan,-nan
1.76733e+09,-nan,-nan
1.76733e+09,-nan,-nan
1.76733e+09,-nan,-nan
1.76733e+09,-nan,-nan
1.76733e+09,-nan,-nan
1.76733e+09,-nan,-nan
1.76733e+09,-nan,-nan
1.76733e+09,-nan,-nan
1.76733e+09,-nan,-nan
1.76733e+09,-nan,-nan
1.76733e+09,-nan,-nan
1.76733e+09,-nan,-nan
1.76733e+09,-nan,-nan
1.76733e+09,-nan,-nan
1.76733e+09,-nan,-nan
1.76733e+09,-nan,-nan
1.76733e+09,-nan,-nan
1.76733e+09,-nan,-nan
1.76733e+09,-nan,-nan
1.76733e+09,-nan,-nan
1.76733e+09,-nan,-nan
1.76733e+09,-nan,-nan
1.76733e+09,-nan,-nan
1.76733e+09,-nan,-nan
1.76733e+09,-nan,-nan
1.76733e+09,-nan,-nan
1.76733e+09,-nan,-nan
1.76733e+09,-nan,-nan
1.76733e+09,-nan,-nan
1.76733e+09,-nan,-nan
1.76733e+09,-nan,-nan
1.76733e+09,-nan,-nan
1.76733e+09,-nan,-nan
1.76733e+09,-nan,-nan
1.76733e+09,-nan,-nan
1.76733e+09,-nan,-nan
1.76733e+09,-nan,-nan
1.76733e+09,-nan,-nan
1.76733e+09,-nan,-nan
1.76733e+09,-nan,-nan
1.76733e+09,-nan,-nan
1.76733e+09,-nan,-nan
1.76733e+09,-nan,-nan
1.76733e+09,-nan,-nan
1.76733e+09,-nan,-nan
1.76733e+09,-nan,-nan
1.76733e+09,-nan,-nan
1.76733e+09,-nan,-nan
1.76733e+09,-nan,-nan
1.76733e+09,-nan,-nan
1.76733e+09,-nan,-nan
1.76733e+09,-nan,-nan
1.76733e+09,-nan,-nan
1.76733e+09,-nan,-nan
1.76733e+09,-nan,-nan
1.76733e+09,-nan,-nan
1.76733e+09,-nan,-nan
1.76733e+09,-nan,-nan
1.76733e+09,-nan,-nan
1.76733e+09,-nan,-nan
1.76733e+09,-nan,-nan
1.76733e+09,-nan,-nan
1.76733e+09,-nan,-nan
1.76733e+09,-nan,-nan
1.76733e+09,-nan,-nan
1.76733e+09,-nan,-nan
1.76733e+09,-nan,-nan
1.76733e+09,-nan,-nan
1.76733e+09,-nan,-nan
1.76733e+09,-nan,-nan
1.76733e+09,-nan,-nan
1.76733e+09,-nan,-nan
1.76733e+09,-nan,-nan
1.76733e+09,-nan,-nan
1.76733e+09,-nan,-nan
1.76733e+09,-nan,-nan
1.76733e+09,-nan,-nan
1.76733e+09,-nan,-nan
1.76733e+09,-nan,-nan
1.76733e+09,-nan,-nan
1.76733e+09,-nan,-nan
1.76733e+09,-nan,-nan
1.76733e+09,-nan,-nan
1.76733e+09,-nan,-nan
1.76733e+09,-nan,-nan
1.76733e+09,-nan,-nan
1.76733e+09,-nan,-nan
1.76733e+09,-nan,-nan
1.76733e+09,-nan,-nan
1.76733e+09,-nan,-nan
1.76733e+09,-nan,-nan
1.76733e+09,-nan,-nan
1.76733e+09,-nan,-nan
1.76733e+09,-nan,-nan
1.76733e+09,-nan,-nan
1.76733e+09,-nan,-nan
1.76733e+09,-nan,-nan
1.76733e+09,-nan,-nan
1.76733e+09,-nan,-nan
1.76733e+09,-nan,-nan
1.76733e+09,-nan,-nan
1.76733e+09,-nan,-nan
1.76733e+09,-nan,-nan
1.76733e+09,-nan,-nan
1.76733e+09,-nan,-nan
1.76733e+09,-nan,-nan
1.76733e+09,-nan,-nan
1.76733e+09,-nan,-nan
1.76733e+09,-nan,-nan
1.76733e+09,-nan,-nan
1.76733e+09,-nan,-nan
1.76733e+09,-nan,-nan
1.76733e+09,-nan,-nan
330.836,-nan,-nan
331.236,-nan,-nan
331.538,-nan,-nan
331.759,-nan,-nan
332.039,-nan,-nan
332.383,-nan,-nan
333.034,-nan,-nan
333.308,-nan,-nan
333.574,-nan,-nan
333.818,-nan,-nan
334.042,-nan,-nan
334.277,-nan,-nan
334.499,-nan,-nan
334.708,-nan,-nan
334.91,-nan,-nan
335.156,-nan,-nan
335.417,-nan,-nan
335.629,-nan,-nan
335.882,-nan,-nan
336.124,-nan,-nan
336.332,-nan,-nan
1.76733e+09,-nan,-nan
1.76733e+09,-nan,-nan
1.76733e+09,-nan,-nan
1.76733e+09,-nan,-nan
1.76733e+09,-nan,-nan
1.76733e+09,-nan,-nan
1.76733e+09,-nan,-nan
1.76733e+09,-nan,-nan
1.76733e+09,-nan,-nan
1.76733e+09,-nan,-nan
1.76733e+09,-nan,-nan
1.76733e+09,-nan,-nan
1.76733e+09,-nan,-nan
1.76733e+09,-nan,-nan
1.76733e+09,-nan,-nan
1.76733e+09,-nan,-nan
1.76733e+09,-nan,-nan
1.76733e+09,-nan,-nan
1.76733e+09,-nan,-nan
1.76733e+09,-nan,-nan
1.76733e+09,-nan,-nan
1.76733e+09,-nan,-nan
1.76733e+09,-nan,-nan
1.76733e+09,-nan,-nan
1.76733e+09,-nan,-nan
1.76733e+09,-nan,-nan
1.76733e+09,-nan,-nan
1.76733e+09,-nan,-nan
1.76733e+09,-nan,-nan
1.76733e+09,-nan,-nan
1.76733e+09,-nan,-nan
1.76733e+09,-nan,-nan
1.76733e+09,-nan,-nan
1.76733e+09,-nan,-nan
1.76733e+09,-nan,-nan
1.76733e+09,-nan,-nan
1.76733e+09,-nan,-nan
1.76733e+09,-nan,-nan
1.76733e+09,-nan,-nan
1.76733e+09,-nan,-nan
1.76733e+09,-nan,-nan
1.76733e+09,-nan,-nan
1.76733e+09,-nan,-nan
1.76733e+09,-nan,-nan
1.76733e+09,-nan,-nan
1.76733e+09,-nan,-nan
1.76733e+09,-nan,-nan
1.76733e+09,-nan,-nan
1.76733e+09,-nan,-nan
1.76733e+09,-nan,-nan
1.76733e+09,-nan,-nan
1.76733e+09,-nan,-nan
1.76733e+09,-nan,-nan
1.76733e+09,-nan,-nan
1.76733e+09,-nan,-nan
1.76733e+09,-nan,-nan
1.76733e+09,-nan,-nan
1.76733e+09,-nan,-nan
1.76733e+09,-nan,-nan
1.76733e+09,-nan,-nan
1.76733e+09,-nan,-nan
1.76733e+09,-nan,-nan
1.76733e+09,-nan,-nan
1.76733e+09,-nan,-nan
1.76733e+09,-nan,-nan
1.76733e+09,-nan,-nan
1.76733e+09,-nan,-nan
1.76733e+09,-nan,-nan
1.76733e+09,-nan,-nan
1.76733e+09,-nan,-nan
1.76733e+09,-nan,-nan
1.76733e+09,-nan,-nan
1.76733e+09,-nan,-nan
1.76733e+09,-nan,-nan
1.76733e+09,-nan,-nan
1.76733e+09,-nan,-nan
1.76733e+09,-nan,-nan
1.76733e+09,-nan,-nan
1.76733e+09,-nan,-nan
1.76733e+09,-nan,-nan
1.76733e+09,-nan,-nan
1.76733e+09,-nan,-nan
1.76733e+09,-nan,-nan
1.76733e+09,-nan,-nan
1.76733e+09,-nan,-nan
1.76733e+09,-nan,-nan
1.76733e+09,-nan,-nan
1.76733e+09,-nan,-nan
1.76733e+09,-nan,-nan
1.76733e+09,-nan,-nan
1.76733e+09,-nan,-nan
1.76733e+09,-nan,-nan
1.76733e+09,-nan,-nan
1.76733e+09,-nan,-nan
1.76733e+09,-nan,-nan
1.76733e+09,-nan,-nan
1.76733e+09,-nan,-nan
1.76733e+09,-nan,-nan
1.76733e+09,-nan,-nan
1.76733e+09,-nan,-nan
1.76733e+09,-nan,-nan
1.76733e+09,-nan,-nan
1.76733e+09,-nan,-nan
1.76733e+09,-nan,-nan
1.76733e+09,-nan,-nan
1.76733e+09,-nan,-nan
1.76733e+09,-nan,-nan
1.76733e+09,-nan,-nan
1.76733e+09,-nan,-nan
1.76733e+09,-nan,-nan
1.76733e+09,-nan,-nan
1.76733e+09,-nan,-nan
1.76733e+09,-nan,-nan
1.76733e+09,-nan,-nan
1.76733e+09,-nan,-nan
1.76733e+09,-nan,-nan
1.76733e+09,-nan,-nan
1.76733e+09,-nan,-nan
1.76733e+09,-nan,-nan
1.76733e+09,-nan,-nan
1.76733e+09,-nan,-nan
1.76733e+09,-nan,-nan
1.76733e+09,-nan,-nan
1.76733e+09,-nan,-nan
1.76733e+09,-nan,-nan
1.76733e+09,-nan,-nan
1.76733e+09,-nan,-nan
1.76733e+09,-nan,-nan
1.76733e+09,-nan,-nan
1.76733e+09,-nan,-nan
1.76733e+09,-nan,-nan
1.76733e+09,-nan,-nan
1.76733e+09,-nan,-nan
1.76733e+09,-nan,-nan
1.76733e+09,-nan,-nan
1.76733e+09,-nan,-nan
1.76733e+09,-nan,-nan
1.76733e+09,-nan,-nan
1.76733e+09,-nan,-nan
1.76733e+09,-nan,-nan
1.76733e+09,-nan,-nan
1.76733e+09,-nan,-nan
1.76733e+09,-nan,-nan
1.76733e+09,-nan,-nan
1.76733e+09,-nan,-nan
1.76733e+09,-nan,-nan
1.76733e+09,-nan,-nan
1.76733e+09,-nan,-nan
1.76733e+09,-nan,-nan
1.76733e+09,-nan,-nan
1.76733e+09,-nan,-nan
1.76733e+09,-nan,-nan
1.76733e+09,-nan,-nan
1.76733e+09,-nan,-nan
1.76733e+09,-nan,-nan
1.76733e+09,-nan,-nan
1.76733e+09,-nan,-nan
1.76733e+09,-nan,-nan
1.76733e+09,-nan,-nan
1.76733e+09,-nan,-nan
1.76733e+09,-nan,-nan
1.76733e+09,-nan,-nan
1.76733e+09,-nan,-nan
1.76733e+09,-nan,-nan
1.76733e+09,-nan,-nan
1.76733e+09,-nan,-nan
1.76733e+09,-nan,-nan
1.76733e+09,-nan,-nan
1.76733e+09,-nan,-nan
1.76733e+09,-nan,-nan
1.76733e+09,-nan,-nan
1.76733e+09,-nan,-nan
1.76733e+09,-nan,-nan
1.76733e+09,-nan,-nan
1.76733e+09,-nan,-nan
1.76733e+09,-nan,-nan
1.76733e+09,-nan,-nan
1.76733e+09,-nan,-nan
1.76733e+09,-nan,-nan
1.76733e+09,-nan,-nan
1.76733e+09,-nan,-nan
1.76733e+09,-nan,-nan
1.76733e+09,-nan,-nan
1.76733e+09,-nan,-nan
1.76733e+09,-nan,-nan
1.76733e+09,-nan,-nan
1.76733e+09,-nan,-nan
1.76733e+09,-nan,-nan
1.76733e+09,-nan,-nan
1.76733e+09,-nan,-nan
1.76733e+09,-nan,-nan
1.76733e+09,-nan,-nan
1.76733e+09,-nan,-nan
1.76733e+09,-nan,-nan
1.76733e+09,-nan,-nan
1.76733e+09,-nan,-nan
1.76733e+09,-nan,-nan
1.76733e+09,-nan,-nan
1.76733e+09,-nan,-nan
1.76733e+09,-nan,-nan
1.76733e+09,-nan,-nan
1.76733e+09,-nan,-nan
1.76733e+09,-nan,-nan
1.76733e+09,-nan,-nan
1.76733e+09,-nan,-nan
1.76733e+09,-nan,-nan
1.76733e+09,-nan,-nan
1.76733e+09,-nan,-nan
1.76733e+09,-nan,-nan
1.76733e+09,-nan,-nan
1.76733e+09,0.264032,0.0050371
1.76733e+09,0.0206982,0.00140404
1.76733e+09,0.795554,0.009239
1.76733e+09,0.398308,0.00273425
1.76733e+09,1.44036,0.00200515
1.76733e+09,0.262919,0.000941689
1.76733e+09,0.0465731,0.00244527
1.76733e+09,0.781932,0.00485168
1.76733e+09,0.145243,0.00168227
1.76733e+09,0.0727256,0.000747663
1.76733e+09,0.1381,0.000478477
1.76733e+09,0.0456598,0.000823406
1.76733e+09,0.132039,0.00279268
1.76733e+09,0.0488562,0.00159641
1.76733e+09,-nan,-nan
1.76733e+09,1.34458,0.0025952
1.76733e+09,0.0391622,0.00248914
1.76733e+09,0.029665,0.00132187
1.76733e+09,0.102793,0.000274642
1.76733e+09,1,0.00035515
1.76733e+09,0.381971,0.00399172
1.76733e+09,0.0713681,0.000771233
1.76733e+09,0.267191,0.00278825
1.76733e+09,1.30292,0.00275381
1.76733e+09,0.209656,0.00148603
1.76733e+09,0.0895198,0.000591799
1.76733e+09,0.436503,0.00624212
1.76733e+09,0.221298,0.00311422
1.76733e+09,0.102741,0.00167027
1.76733e+09,0.194244,0.00114473
1.76733e+09,0.0707762,0.00195428
1.76733e+09,0.0299449,0.00057854
1.76733e+09,-nan,-nan
1.76733e+09,-nan,-nan
1.76733e+09,-nan,-nan
1.76733e+09,-nan,-nan
1.76733e+09,-nan,-nan
1.76733e+09,-nan,-nan
1.76733e+09,-nan,-nan
1.76733e+09,-nan,-nan
1.76733e+09,-nan,-nan
1.76733e+09,-nan,-nan
1.76733e+09,-nan,-nan
1.76733e+09,-nan,-nan
1.76733e+09,-nan,-nan
1.76733e+09,-nan,-nan
1.76733e+09,-nan,-nan
1.76733e+09,-nan,-nan
1.76733e+09,-nan,-nan
1.76733e+09,-nan,-nan
1.76733e+09,-nan,-nan
1.76733e+09,-nan,-nan
1.76733e+09,-nan,-nan
1.76733e+09,-nan,-nan
1.76733e+09,-nan,-nan
1.76733e+09,-nan,-nan
1.76733e+09,-nan,-nan
1.76733e+09,-nan,-nan
1.76733e+09,-nan,-nan
1.76733e+09,-nan,-nan
1.76733e+09,-nan,-nan
1.76733e+09,-nan,-nan
1.76733e+09,-nan,-nan
1.76733e+09,-nan,-nan
1.76733e+09,-nan,-nan
1.76733e+09,-nan,-nan
1.76733e+09,-nan,-nan
1.76733e+09,-nan,-nan
1.76733e+09,-nan,-nan
1.76733e+09,-nan,-nan
1.76733e+09,-nan,-nan
1.76733e+09,-nan,-nan
1.76733e+09,-nan,-nan
1.76733e+09,-nan,-nan
1.76733e+09,3.10317e-16,3.05299e-16
1.76733e+09,3.36014e-15,2.63344e-14
1.76733e+09,1.64736,0.730267
1.76733e+09,0.8207,1.19362
1.76733e+09,1.72866,2.72749
1.76733e+09,1.79369,0.2272
1.76733e+09,0.715348,2.82673
1.76733e+09,0.833762,1.56466
1.76733e+09,1.16986,1.76167
1.76733e+09,1.43282,2.11722
1.76733e+09,0.624737,2.52525
1.76733e+09,0.968427,0.299919
1.76733e+09,0.868081,1.63376
1.76733e+09,1.65463,0.212711
1.76733e+09,0.795536,0.308843
1.76733e+09,0.237863,0.00947851
1.76733e+09,0.0846812,0.0532044
1.76733e+09,0.795731,0.259083
1.76733e+09,1,0.160988
1.76733e+09,0.945218,1.69599
1.76733e+09,0.268245,0.0416166
1.76733e+09,1.9406,0.526216
1.76733e+09,1.00126,2.78113
1.76733e+09,1.15035,0.784656
1.76733e+09,1.09667,0.122939
1.76733e+09,0.656621,2.10595
1.76733e+09,0.0733829,0.16752
1.76733e+09,1.63088,0.187374
1.76733e+09,0.162228,2.81468
1.76733e+09,0.698288,0.146039
1.76733e+09,0.462415,2.43957
1.76733e+09,0.558969,2.76854
1.76733e+09,0.154176,0.0450239
1.76733e+09,0.654434,0.16362
1.76733e+09,0.454851,1.28069
1.76733e+09,1.07384,0.0863671
1.76733e+09,1.14654,0.176923
1.76733e+09,0.330661,0.115446
1.76733e+09,0.231223,0.0739853
1.76733e+09,0.956704,0.0755675
1.76733e+09,1.95632,1.05424
1.76733e+09,0.212791,0.141259
1.76733e+09,0.0878683,0.133916
1.76733e+09,0.180407,0.066744
1.76733e+09,0.859697,0.0496467
1.76733e+09,0.199807,0.0332363
1.76733e+09,0.565813,2.29374
1.76733e+09,0.301336,0.0287443
1.76733e+09,1.20799,1.75491
1.76733e+09,0.414411,0.131367
1.76733e+09,0.983248,0.0560745
1.76733e+09,0.846244,0.481388
1.76733e+09,0.85928,0.0956691
1.76733e+09,0.503224,0.224363
1.76733e+09,1.69856,1.65232
1.76733e+09,1.56865,1.73501
1.76733e+09,0.655165,0.128674
1.76733e+09,1.23443,0.0808744
1.76733e+09,0.313133,0.398819
1.76733e+09,0.726113,0.11345
1.76733e+09,0.168038,0.609718
1.76733e+09,1.28816,0.553589
1.76733e+09,1.21307,1.48356
1.76733e+09,0.817772,1.01923
1.76733e+09,0.403767,0.0898978
1.76733e+09,0.389519,0.20485
1.76733e+09,1.36406,0.844242
1.76733e+09,1.80659,2.16914
1.76733e+09,0.739493,0.0629451
1.76733e+09,0.943077,0.141954
1.76733e+09,0.448822,0.0220452
1.76733e+09,0.213881,0.0307648
1.76733e+09,0.132067,0.00250306
1.76733e+09,0.707616,0.0283219
1.76733e+09,0.450216,0.0201831
1.76733e+09,0.538214,0.0648477
1.76733e+09,0.375672,0.0665945
1.76733e+09,1.22128,0.920302
1.76733e+09,1.35787,0.0531936
1.76733e+09,0.354973,2.75462
1.76733e+09,0.460497,2.03991
1.76733e+09,1.16474,0.109772
1.76733e+09,1.16333,0.200259
1.76733e+09,0.311933,0.099572
1.76733e+09,0.520599,0.0755627
1.76733e+09,1,0.0923385
1.76733e+09,0.796628,0.393679
1.76733e+09,1.60715,2.18124
1.76733e+09,0.585329,2.73834
1.76733e+09,0.963568,0.174108
1.76733e+09,1.03826,2.04071
1.76733e+09,0.536641,0.90729
1.76733e+09,0.809933,0.0300549
1.76733e+09,1.50438,0.278601
1.76733e+09,0.231472,0.444468
1.76733e+09,1.53201,0.774661
1.76733e+09,0.416048,2.0502
1.76733e+09,1.0026,0.24085
1.76733e+09,0.747443,0.287884
1.76733e+09,0.218063,0.0932626
1.76733e+09,0.558474,0.0726086
1.76733e+09,1.59027,1.89028
1.76733e+09,0.5342,0.155968
1.76733e+09,1.02246,0.625414
1.76733e+09,1.00972,0.194379
1.76733e+09,0.18856,0.138884
1.76733e+09,1.42321,2.82672
1.76733e+09,1.43906,0.926173
1.76733e+09,0.11006,2.78164
1.76733e+09,0.341734,2.79269
1.76733e+09,0.338555,2.77092
1.76733e+09,0.823471,2.82281
1.76733e+09,0.30388,0.224332
1.76733e+09,0.280001,0.270796
1.76733e+09,0.294096,0.0600179
1.76733e+09,0.776501,0.0439408
1.76733e+09,1.98123,0.0739819
1.76733e+09,1.59765,0.200426
1.76733e+09,1.37558,0.290825
1.76733e+09,1.87203,2.70831
1.76733e+09,1.73765,2.43321
1.76733e+09,1.1367,1.06165
1.76733e+09,1.05108,0.0572424
1.76733e+09,1.81016,0.0363535
1.76733e+09,1.46591,0.0264174
1.76733e+09,0.832477,0.0184202
1.76733e+09,0.330856,0.0267919
1.76733e+09,0.321817,0.0355464
1.76733e+09,0.580449,0.0509832
1.76733e+09,0.218907,0.0699016
1.76733e+09,0.756044,0.0155409
1.76733e+09,0.207789,0.00757429
1.76733e+09,0.359324,0.0065016
1.76733e+09,0.29372,0.0103781
1.76733e+09,0.517703,0.00414575
1.76733e+09,0.305474,0.00461755
1.76733e+09,0.267496,0.0163742
1.76733e+09,0.754701,0.0297178
1.76733e+09,0.0499382,0.0073847
1.76733e+09,1.36155,0.0187103
1.76733e+09,0.107574,0.00263037
1.76733e+09,0.46412,0.00842673
1.76733e+09,0.72245,0.00947548
1.76733e+09,1.26819,0.00825005
